slope,intercept
-0.5354289074617437,26.21153834514247
