SID,Age,BA,artifact_ratio,num_missing_stage
Do,,74.4486460317261,0.14135514018691586,0.0
