SID,Dataset,Age,Gender,BA,BAI,NumMissingStage,ArtifactRatio
SSC_4704_1,ApoE,50,M,49.10373703368247,-0.8962629663175292,0,0.16809933142311362
