SID,Dataset,Age,Gender,BA,BAI,NumMissingStage,ArtifactRatio
STNF00104_1,STAGES,50,F,48.10493733881927,-1.8950626611807309,1,0.0848089468779124
