SID,Dataset,Age,Gender,BA,BAI,NumMissingStage,ArtifactRatio
A0001_4_165907,WSC,50,M,51.79991377155657,1.799913771556568,1,0.0570570570570571
