SID,Age,BA,artifact_ratio,num_missing_stage
Do,,63.36862953314089,0.14135514018691586,0.0
