SID,Age,BA,artifact_ratio,num_missing_stage
Do,,57.85346262980509,0.14135514018691586,0.0
