SID,Dataset,Age,Gender,BA,BAI,NumMissingStage,ArtifactRatio
STNF00104_1,STAGES,50,F,51.62982031079384,1.6298203107938392,1,0.0848089468779124
