SID,Dataset,Age,Gender,BA,BAI,NumMissingStage,ArtifactRatio
SSC_4704_1,ApoE,50,M,60.412565984045784,10.412565984045784,0,0.16809933142311362
