SID,Dataset,Age,Gender,BA,BAI,NumMissingStage,ArtifactRatio
A0001_4_165907,WSC,50,M,60.84150724215557,10.841507242155572,1,0.0570570570570571
