SID,AMP_C,CHIRP_C,COUPL_ANCHOR_C,COUPL_ANGLE_C,COUPL_MAG_C,COUPL_OVERLAP_C,COUPL_PV_C,DENS_C,DISPERSION_C,DISPERSION_P_C,DUR_C,FFT_C,FRNG2_C,FRQ_C,FRQ1_C,FRQ2_C,FVAR2_C,FWHM_C,ISA_M_C,ISA_S_C,ISA_T_C,MINS_C,N_C,N01_C,N02_C,NE_C,NOSC_C,Q_C,SEC_AMP_C,SEC_P2P_C,SEC_TROUGH_C,SYMM_C,SYMM2_C,SYMM_AMP_C,SYMM_TROUGH_C,SO_C,SO_DUR_C,SO_NEG_AMP_C,SO_NEG_DUR_C,SO_P2P_C,SO_POS_AMP_C,SO_POS_DUR_C,SO_RATE_C,SO_SLOPE_NEG1_C,SO_SLOPE_NEG2_C,SO_SLOPE_POS1_C,SO_SLOPE_POS2_C,SO_TRANS_C,SO_TRANS_FREQ_C
shhs1-200001,27.248203634294597,-0.2156932992569895,612.0,202.9895129678935,0.3354243256329355,276.5,2.4120951960161345e-13,2.678336980306345,1.069384541487275,0.551688471623364,0.8486315806343916,13.2301951820743,1.88337572291517,12.694475970780001,13.3772659081606,13.161572608903601,0.2970214285645505,0.49400081736227053,3.752929827297245,1.400379640590955,857.5444655374215,228.5,612.0,723.5,676.5,457.0,10.81093155258765,0.7075443365276726,0.4255420524299125,0.4165459285475795,0.42110212109273504,0.4912904675216405,0.268975612935083,0.5037001263600875,0.49737114660855397,5459.5,0.765846512888786,-26.71786150390995,0.3941721104913945,49.1241154210945,22.40625391718445,0.37167440239738847,23.89277899343545,-175.8726587980745,170.052068114557,52452.0289742854,-139.8269611758605,0.371794071676273,1.75352359167731
