slope,intercept
-0.49930366499733786,24.443052996504473
